Workbook
Name ACTION: #REF!

Sheet Guideline
A1: Guideline to make and understand Unit Test Case
A3: 1. Overview
A4: - In the template, Unit test cases are based on functions. Each sheet presents test cases for one function.
A5: - Cover: General information of the project and Unit Test cases
A6: - FunctionList: The list of Classes and Functions in the document. + To control that the number of Unit TC meets customer's requirement or the norm, user should fill value for 'Normal number of Test cases/KLOC'.
A7: + Click on Function link to open the related Test cases of the function. Note: You should create new Function sheet before creating the link
A8: - Test Report: provive the overview results of Functions Unit test: Test coverage, Test successful coverage (Summary, for normal/abnormal/boundary cases)
A9: Note: Should check the formula of "Sub Total" if you add more functions
A11: 2. Content in Test function sheet
A12: 2.1 Combination of test cases.
A13: - To verify that number of Unit TC meets customer's requirement or not. User has to fill number LOC of tested function and fill value of 'Normal number test cases/KLOC' item in FunctionList sheet, which is required by customer or normal value. The number of lacked TC is shown in 'Lack of test cases' item.
A14: - If the number of Unit TC does not meet the requirement, creator should explain the reasons.
... A47: - Test requirement: Brief description about requirements which are tested in this function, it is not mandatory.

Sheet Cover
B2: UNIT TEST DOCUMENT
A4: Project Name | B4: FJMS Authentication | E4: Creator | F4: FJMS team
A5: Project Code | B5: FJMS | E5: Issue Date | F5: 2026-10-12T00:00:00.000Z
A6: Document Code | B6: =B5&"_UT_v"&F6 -> FJMS_UT_v1.0 | E6: Version | F6: 1.0
A9: Record of change
A10: Effective Date | B10: Version | C10: Change Item | D10: *A,D,M | E10: Change description | F10: Reference
A11: 2026-10-12T00:00:00.000Z | B11: 1.0 | C11: Unit tests | D11: A | E11: 45 unit tests; rerun 12 Oct 2026 | F11: Report5 v1.0

Sheet Functions
E2: Function List
A4: Project Name | E4: =Cover!B4 -> FJMS Authentication
A5: Project Code | E5: =Cover!B5 -> FJMS
A6: Normal number of Test cases/KLOC | E6: N/A
A7: Test Environment Setup Description | E7: Local Node.js 24.19; Jest 29.7; Express; isolated SQL/email; CI Node 22.
A10: No | B10: Requirement Name | C10: Class Name | D10: Function Name | E10: Function Code(Optional) | F10: Sheet Name | G10: Description | H10: Pre-Condition
A11: 1 | B11: Authentication | C11: authSelectedCore.js | D11: register | E11: AUTH01 | F11: Function 1 | G11: 15 unit cases (R01-R15): required fields, role rules, password boundaries, duplicate email/phone, database failure and successful registration. | H11: Reset SQL, email, bcrypt and JWT mocks before each case. Use an isolated account fixture, valid base password Aa12345!, a fixed clock and random value. Configure query results for each scenario; do not connect to a live database or SMTP service.
A12: 2 | B12: Authentication | C12: passwordRecovery.js | D12: resetPassword | E12: AUTH02 | F12: Function 2 | G12: 15 unit cases (P01-P15): required fields, weak password, unknown account, invalid/used token, expiry boundaries, four SQL failures, successful writes and hashing failure. | H12: Reset SQL and bcrypt mocks per case. Use email test@example.com, reset token 550000 and new password Bb12345!. Fix the clock to 12 Oct 2026 UTC; prepare user_id=7 and reset_id=9 with scenario expiry. Configure each query independently; no real SQL or mailbox.
A13: 3 | B13: Authentication | C13: authSelectedCore.js | D13: login | E13: AUTH03 | F13: Function3 | G13: 15 unit cases (L01-L15): missing credentials, unknown/locked/suspended account, wrong password, unverified email, role/JWT handling and dependency failures. | H13: Reset SQL, email, bcrypt and JWT mocks. Prepare an ACTIVE, verified account with email test@example.com and password Aa12345!. Override status, verification, password comparison, roles or failures per case; isolate token writes.

Sheet Statistics
A2: UNIT TEST REPORT
A4: Project Name | B4: =Cover!B4 -> FJMS Authentication | D4: Creator | F4: FJMS team
A5: Project Code | B5: =Cover!B5 -> FJMS | D5: Reviewer/Approver | F5: Pending
A6: Document Code | B6: =Cover!B6 -> FJMS_UT_v1.0 | D6: Issue Date | F6: 2026-10-12T00:00:00.000Z
A7: Notes | B7: 45 unit Passed; 3 IT Passed + 5 ST/AT Pending in Test Report. Code coverage: evidence/coverage.
A11: No | B11: Function code | C11: Passed | D11: Failed | E11: Untested | F11: N | G11: A | H11: B | I11: Total Test Cases
A12: 1 | B12: AUTH01 | C12: ='Function 1'!A7 -> 15 | D12: ='Function 1'!C7 -> 0 | E12: ='Function 1'!F7 -> 0 | F12: ='Function 1'!L7 -> 1 | G12: ='Function 1'!M7 -> 12 | H12: ='Function 1'!N7 -> 2 | I12: ='Function 1'!O7 -> 15
A13: 2 | B13: AUTH02 | C13: ='Function 2'!A7 -> 15 | D13: ='Function 2'!C7 -> 0 | E13: ='Function 2'!F7 -> 0 | F13: ='Function 2'!L7 -> 0 | G13: ='Function 2'!M7 -> 11 | H13: ='Function 2'!N7 -> 4 | I13: ='Function 2'!O7 -> 15
A14: 3 | B14: AUTH03 | C14: =Function3!A7 -> 15 | D14: =Function3!C7 -> 0 | E14: =Function3!F7 -> 0 | F14: =Function3!L7 -> 4 | G14: =Function3!M7 -> 11 | H14: =Function3!N7 -> 0 | I14: =Function3!O7 -> 15
B17: Sub total | C17: =SUM(C10:C16) -> 45 | D17: =SUM(D10:D16) -> 0 | E17: =SUM(E10:E16) -> 0 | F17: =SUM(F12:F14) -> 5 | G17: =SUM(G12:G14) -> 34 | H17: =SUM(H12:H14) -> 6 | I17: =SUM(I12:I14) -> 45
B19: Test coverage | D19: =(C17+D17)*100/(I17) -> 100 | E19: %
B20: Test successful coverage | D20: =C17*100/(I17) -> 100 | E20: %
B21: Normal case | D21: =F17*100/I17 -> 11.111111 | E21: %
B22: Abnormal case | D22: =G17*100/I17 -> 75.555556 | E22: %
B23: Boundary case | D23: =H17*100/I17 -> 13.333333 | E23: %

Sheet Function 1
A2: Function Code | C2: =Functions!E11 -> AUTH01 | F2: Function Name | L2: =Functions!D11 -> register
A3: Created By | C3: FJMS team | F3: Executed By | L3: Jest
A4: Lines of code | C4: 89 | F4: Lack of test cases | L4: =IF(Functions!E6<>"N/A",SUM(C4*Functions!E6/1000,- O7),"N/A") -> N/A
A5: Test requirement | C5: HTTP: 1=200,2=201,3=400,4=401,5=403,6=404,7=500; docs/Test-plan.md
A6: Passed | C6: Failed | F6: Untested | L6: N/A/B | O6: Total Test Cases
A7: =COUNTIF(F40:HQ40,"P") -> 15 | C7: =COUNTIF(F40:HQ40,"F") -> 0 | F7: =SUM(O7,- A7,- C7) -> 0 | L7: =COUNTIF(E39:HQ39,"N") -> 1 | M7: =COUNTIF(E39:HQ39,"A") -> 12 | N7: =COUNTIF(E39:HQ39,"B") -> 2 | O7: =COUNTA(E9:HT9) -> 15
F9: R01 | G9: R02 | H9: R03 | I9: R04 | J9: R05 | K9: R06 | L9: R07 | M9: R08 | N9: R09 | O9: R10 | P9: R11 | Q9: R12 | R9: R13 | S9: R14 | T9: R15
A10: Condition | B10: Precondition
D11: SQL/email mocked
D12: test@example.com
D13: Aa12345!
B14: Input/state : HTTP
D15: name="":3 | F15: O
D16: email="":3 | G16: O
D17: pwd="":3 | H17: O
D18: role="":3 | I18: O
D19: role=ADMIN:3 | J19: O
D20: pwd=Aa1234!:3 | K20: O
D21: pwd=aa12345!:3 | L21: O
D22: pwd=AA12345!:3 | M22: O
D23: no digit/special:3 | N23: O
D24: SQL error:7 | O24: O
D25: email exists:3 | P25: O
D26: phone=123:3 | Q26: O
D27: phone exists:3 | R27: O
D28: role=free:2 | S28: O
D29: role=EMP:2 | T29: O
A31: Confirm | B31: Return
D32: HTTP as input | F32: O | G32: O | H32: O | I32: O | J32: O | K32: O | L32: O | M32: O | N32: O | O32: O | P32: O | Q32: O | R32: O | S32: O | T32: O
D33: Body checked | F33: O | G33: O | H33: O | I33: O | J33: O | K33: O | L33: O | M33: O | N33: O | O33: O | P33: O | Q33: O | R33: O | S33: O | T33: O
B34: Exception
D35: None | F35: O | G35: O | H35: O | I35: O | J35: O | K35: O | L35: O | M35: O | N35: O | O35: O | P35: O | Q35: O | R35: O | S35: O | T35: O
B36: Log message
D37: Not asserted
D38: Not asserted
A39: Result | B39: Type(N : Normal, A : Abnormal, B : Boundary) | F39: A | G39: A | H39: A | I39: A | J39: A | K39: B | L39: A | M39: A | N39: A | O39: A | P39: A | Q39: A | R39: A | S39: B | T39: N
B40: Passed/Failed | F40: P | G40: P | H40: P | I40: P | J40: P | K40: P | L40: P | M40: P | N40: P | O40: P | P40: P | Q40: P | R40: P | S40: P | T40: P
B41: Executed Date | F41: 2026-10-12T00:00:00.000Z | G41: 2026-10-12T00:00:00.000Z | H41: 2026-10-12T00:00:00.000Z | I41: 2026-10-12T00:00:00.000Z | J41: 2026-10-12T00:00:00.000Z | K41: 2026-10-12T00:00:00.000Z | L41: 2026-10-12T00:00:00.000Z | M41: 2026-10-12T00:00:00.000Z | N41: 2026-10-12T00:00:00.000Z | O41: 2026-10-12T00:00:00.000Z | P41: 2026-10-12T00:00:00.000Z | Q41: 2026-10-12T00:00:00.000Z | R41: 2026-10-12T00:00:00.000Z | S41: 2026-10-12T00:00:00.000Z | T41: 2026-10-12T00:00:00.000Z
B42: Defect ID

Sheet Function 2
A2: Function Code | C2: =Functions!E12 -> AUTH02 | F2: Function Name | L2: =Functions!D12 -> resetPassword | M2: resetPassword
A3: Created By | C3: FJMS team | F3: Executed By | L3: Jest
A4: Lines of code | C4: 53 | F4: Lack of test cases | L4: =IF(Functions!E6<>"N/A",SUM(C4*Functions!E6/1000,- O7),"N/A") -> N/A
A5: Test requirement | C5: HTTP: 1=200,2=201,3=400,4=401,5=403,6=404,7=500; docs/Test-plan.md
A6: Passed | C6: Failed | F6: Untested | L6: N/A/B | O6: Total Test Cases
A7: =COUNTIF(F40:HQ40,"P") -> 15 | C7: =COUNTIF(F40:HQ40,"F") -> 0 | F7: =SUM(O7,- A7,- C7) -> 0 | L7: =COUNTIF(E39:HQ39,"N") -> 0 | M7: =COUNTIF(E39:HQ39,"A") -> 11 | N7: =COUNTIF(E39:HQ39,"B") -> 4 | O7: =COUNTA(E9:HT9) -> 15
F9: P01 | G9: P02 | H9: P03 | I9: P04 | J9: P05 | K9: P06 | L9: P07 | M9: P08 | N9: P09 | O9: P10 | P9: P11 | Q9: P12 | R9: P13 | S9: P14 | T9: P15
A10: Condition | B10: Precondition
D11: SQL/email mocked
D12: test@example.com
D13: token=550000; new=Bb12345!
B14: Input/state : HTTP
D15: email="":3 | F15: O
D16: otpCode="":3 | G16: O
D17: newPassword="":3 | H17: O
D18: password 7 chars:3 | I18: O
D19: missing upper/lower:3 | J19: O
D20: unknown user:6 | K20: O
D21: invalid/used token:3 | L21: O
D22: expiry=now-1ms:3 | M22: O
D23: expiry=now:1 | N23: O
D24: expiry=now+1ms:1 | O24: O
D25: query1 error:7 | P25: O
D26: query2 error:7 | Q26: O
D27: query3 error:7 | R27: O
D28: query4 error:7 | S28: O
D29: hashing error:7 | T29: O
A31: Confirm | B31: Return
D32: HTTP as input | F32: O | G32: O | H32: O | I32: O | J32: O | K32: O | L32: O | M32: O | N32: O | O32: O | P32: O | Q32: O | R32: O | S32: O | T32: O
D33: Body checked | F33: O | G33: O | H33: O | I33: O | J33: O | K33: O | L33: O | M33: O | N33: O | O33: O | P33: O | Q33: O | R33: O | S33: O | T33: O
B34: Exception
D35: None | F35: O | G35: O | H35: O | I35: O | J35: O | K35: O | L35: O | M35: O | N35: O | O35: O | P35: O | Q35: O | R35: O | S35: O | T35: O
B36: Log message
D37: Not asserted
D38: Not asserted
A39: Result | B39: Type(N : Normal, A : Abnormal, B : Boundary) | F39: A | G39: A | H39: A | I39: B | J39: A | K39: A | L39: A | M39: B | N39: B | O39: B | P39: A | Q39: A | R39: A | S39: A | T39: A
B40: Passed/Failed | F40: P | G40: P | H40: P | I40: P | J40: P | K40: P | L40: P | M40: P | N40: P | O40: P | P40: P | Q40: P | R40: P | S40: P | T40: P
B41: Executed Date | F41: 2026-10-12T00:00:00.000Z | G41: 2026-10-12T00:00:00.000Z | H41: 2026-10-12T00:00:00.000Z | I41: 2026-10-12T00:00:00.000Z | J41: 2026-10-12T00:00:00.000Z | K41: 2026-10-12T00:00:00.000Z | L41: 2026-10-12T00:00:00.000Z | M41: 2026-10-12T00:00:00.000Z | N41: 2026-10-12T00:00:00.000Z | O41: 2026-10-12T00:00:00.000Z | P41: 2026-10-12T00:00:00.000Z | Q41: 2026-10-12T00:00:00.000Z | R41: 2026-10-12T00:00:00.000Z | S41: 2026-10-12T00:00:00.000Z | T41: 2026-10-12T00:00:00.000Z
B42: Defect ID

Sheet Function3
A2: Function Code | C2: =Functions!E13 -> AUTH03 | F2: Function Name | L2: =Functions!D13 -> login
A3: Created By | C3: FJMS team | F3: Executed By | L3: Jest
A4: Lines of code | C4: 91 | F4: Lack of test cases | L4: =IF(Functions!E6<>"N/A",SUM(C4*Functions!E6/1000,- O7),"N/A") -> N/A
A5: Test requirement | C5: HTTP: 1=200,2=201,3=400,4=401,5=403,6=404,7=500; docs/Test-plan.md
A6: Passed | C6: Failed | F6: Untested | L6: N/A/B | O6: Total Test Cases
A7: =COUNTIF(F40:HQ40,"P") -> 15 | C7: =COUNTIF(F40:HQ40,"F") -> 0 | F7: =SUM(O7,- A7,- C7) -> 0 | L7: =COUNTIF(E39:HQ39,"N") -> 4 | M7: =COUNTIF(E39:HQ39,"A") -> 11 | N7: =COUNTIF(E39:HQ39,"B") -> 0 | O7: =COUNTA(E9:HT9) -> 15
F9: L01 | G9: L02 | H9: L03 | I9: L04 | J9: L05 | K9: L06 | L9: L07 | M9: L08 | N9: L09 | O9: L10 | P9: L11 | Q9: L12 | R9: L13 | S9: L14 | T9: L15
A10: Condition | B10: Precondition
D11: SQL/email mocked
D12: test@example.com
D13: Aa12345!
B14: Input/state : HTTP
D15: email="":3 | F15: O
D16: pwd="":3 | G16: O
D17: user not found:3 | H17: O
D18: status=LOCKED:5 | I18: O
D19: SUSPEND:5 | J19: O
D20: wrong pwd:3 | K20: O
D21: verified=false:4 | L21: O
D22: FREE hash:1 | M22: O
D23: ADMIN plain:1 | N23: O
D24: ADMIN bcrypt:1 | O24: O
D25: query1 error:7 | P25: O
D26: query2 error:7 | Q26: O
D27: query3 error:7 | R27: O
D28: JWT sign throws:7 | S28: O
D29: OTP save error:7 | T29: O
A31: Confirm | B31: Return
D32: HTTP as input | F32: O | G32: O | H32: O | I32: O | J32: O | K32: O | L32: O | M32: O | N32: O | O32: O | P32: O | Q32: O | R32: O | S32: O | T32: O
D33: Body checked | F33: O | G33: O | H33: O | I33: O | J33: O | K33: O | L33: O | M33: O | N33: O | O33: O | P33: O | Q33: O | R33: O | S33: O | T33: O
B34: Exception
D35: None | F35: O | G35: O | H35: O | I35: O | J35: O | K35: O | L35: O | M35: O | N35: O | O35: O | P35: O | Q35: O | R35: O | S35: O | T35: O
B36: Log message
D37: Not asserted
D38: Not asserted
A39: Result | B39: Type(N : Normal, A : Abnormal, B : Boundary) | F39: A | G39: A | H39: A | I39: A | J39: A | K39: A | L39: N | M39: N | N39: N | O39: N | P39: A | Q39: A | R39: A | S39: A | T39: A
B40: Passed/Failed | F40: P | G40: P | H40: P | I40: P | J40: P | K40: P | L40: P | M40: P | N40: P | O40: P | P40: P | Q40: P | R40: P | S40: P | T40: P
B41: Executed Date | F41: 2026-10-12T00:00:00.000Z | G41: 2026-10-12T00:00:00.000Z | H41: 2026-10-12T00:00:00.000Z | I41: 2026-10-12T00:00:00.000Z | J41: 2026-10-12T00:00:00.000Z | K41: 2026-10-12T00:00:00.000Z | L41: 2026-10-12T00:00:00.000Z | M41: 2026-10-12T00:00:00.000Z | N41: 2026-10-12T00:00:00.000Z | O41: 2026-10-12T00:00:00.000Z | P41: 2026-10-12T00:00:00.000Z | Q41: 2026-10-12T00:00:00.000Z | R41: 2026-10-12T00:00:00.000Z | S41: 2026-10-12T00:00:00.000Z | T41: 2026-10-12T00:00:00.000Z
B42: Defect ID

Sheet Example
A2: Function Code | C2: =Functions!E11 -> AUTH01 | F2: Function Name | L2: =Functions!D11 -> register
A3: Created By | C3: <Developer Name> | F3: Executed By
A4: Lines of code | C4: 100 | F4: Lack of test cases | L4: =IF(Functions!E6<>"N/A",SUM(C4*Functions!E6/1000,- O7),"N/A") -> N/A
A5: Test requirement | C5: <Brief description about requirements which are tested in this function>
A6: Passed | C6: Failed | F6: Untested | L6: N/A/B | O6: Total Test Cases
A7: =COUNTIF(F47:HQ47,"P") -> 0 | C7: =COUNTIF(F47:HQ47,"F") -> 0 | F7: =SUM(O7,- A7,- C7) -> 15 | L7: =COUNTIF(E46:HQ46,"N") -> 0 | M7: =COUNTIF(E46:HQ46,"A") -> 0 | N7: =COUNTIF(E46:HQ46,"B") -> 0 | O7: =COUNTA(E9:HT9) -> 15
F9: UTCID01 | G9: UTCID02 | H9: UTCID02 | I9: UTCID02 | J9: UTCID02 | K9: UTCID02 | L9: UTCID07 | M9: UTCID08 | N9: UTCID09 | O9: UTCID10 | P9: UTCID11 | Q9: UTCID12 | R9: UTCID13 | S9: UTCID14 | T9: UTCID15
A10: Condition | B10: Precondition
B14: a
D15: -2 | F15: O
D16: -1 | L16: O
D17: 0 | G17: O | H17: O | I17: O
D18: 1 | J18: O | K18: O
B19: b
D20: 0 | G20: O | H20: O
D21: -2 | J21: O | K21: O | L21: O
D22: 2 | I22: O
B23: c
D24: 0 | G24: O
D25: 1 | H25: O | I25: O | J25: O
D26: 3 | L26: O
D27: 5 | K27: O
A33: Confirm | B33: Return
B34: list
D35: null | F35: O | H35: O | K35: O
D36: size = 0 | G36: O
D37: {-1/2} | I37: O
D38: {1,1} | J38: O
D39: {1,-3} | L39: O
B40: Exception
B42: Log message
D43: "please input a>= -1" | F43: O
A45: Result | B45: Type(N : Normal, A : Abnormal, B : Boundary) | F45: A | G45: N | H45: N | I45: N | J45: N | K45: N | L45: B
B46: Passed/Failed
B47: Executed Date | F47: 39139 | G47: 39139 | H47: 39139 | I47: 39139 | J47: 39139 | K47: 39139 | L47: 39144
B48: Defect ID
