Workbook
Name ACTION: #REF!
Name ACTION: #REF!

Sheet Cover
B2: TEST REPORT DOCUMENT
A4: Project Name | B4: FJMS Authentication | E4: Creator | F4: FJMS team
A5: Project Code | B5: FJMS | E5: Issue Date | F5: 2026-10-12T00:00:00.000Z
A6: Document Code | B6: =B5&"_TR_v"&F6 -> FJMS_TR_v1.0 | E6: Version | F6: 1.0
A9: Record of change
A10: Effective Date | B10: Version | C10: Change Item | D10: *A,D,M | E10: Change description | F10: Reference
A11: 2026-10-12T00:00:00.000Z | B11: 1.0 | C11: Auth tests | D11: A | E11: 3 executed IT; 5 planned ST/AT | F11: Report5 documentation

Sheet Test Cases
D1: TEST CASE LIST
B3: Project Name | D3: =Cover!B4 -> FJMS Authentication
B4: Project Code | D4: =Cover!B5 -> FJMS
B5: Test Environment Setup Description | D5: IT: Node 24.19; Express/bcrypt/JWT real, SQL/email fake. ST/AT: staging UI/API, SQL Server, test mailbox and browser; not yet available.
B8: No | C8: Function Name | D8: Sheet Name | E8: Description | F8: Pre-Condition
B9: 1 | C9: register | D9: Feature 1 | E9: I01: hash and OTP | F9: Fresh fake state
B10: 2 | C10: resetPassword | D10: Feature 1 | E10: I02: hash and token use | F10: Own registration fixture
B11: 3 | C11: login | D11: Feature 1 | E11: I03: JWT and token | F11: Own verified fixture
B12: 4 | C12: Authentication system | D12: Feature 2 | E12: ST-01..03: Pending | F12: Real staging setup
B13: 5 | C13: Role journeys | D13: Feature 2 | E13: AT-01..02: Pending | F13: Staging and reviewer

Sheet Test Statistics
B1: TEST STATISTICS
B3: Project Name | C3: FJMS Authentication | E3: Creator | H3: FJMS team
B4: Project Code | C4: FJMS | E4: Reviewer/Approver | H4: Pending
B5: Document Code | C5: =Cover!B6 -> FJMS_TR_v1.0 | E5: Issue Date | H5: 2026-10-12T00:00:00.000Z
B6: Notes | C6: 3 IT Passed; 3 ST + 2 AT Pending. Ratios = case execution, not code coverage.
B10: No | C10: Module code | D10: Passed | E10: Failed | F10: Pending | G10: N/A | H10: Number of test cases
B11: 1 | C11: ='Feature 1'!B2 -> Authentication IT | D11: ='Feature 1'!B6 -> 3 | E11: ='Feature 1'!C6 -> 0 | F11: ='Feature 1'!D6 -> 0 | G11: ='Feature 1'!E6 -> 0 | H11: ='Feature 1'!B4 -> 3
B12: 2 | C12: ='Feature 2'!B2 -> Authentication ST / AT | D12: ='Feature 2'!B6 -> 0 | E12: ='Feature 2'!C6 -> 0 | F12: ='Feature 2'!D6 -> 5 | G12: ='Feature 2'!E6 -> 0 | H12: ='Feature 2'!B4 -> 5
C14: Sub total | D14: =SUM(D11:D12) -> 3 | E14: =SUM(E11:E12) -> 0 | F14: =SUM(F11:F12) -> 5 | G14: =SUM(G11:G12) -> 0 | H14: =SUM(H11:H12) -> 8
C16: Test coverage | E16: =IF(H14-G14=0,0,(D14+E14)*100/(H14-G14)) -> 37.5 | F16: %
C17: Test successful coverage | E17: =IF(H14-G14=0,0,D14*100/(H14-G14)) -> 37.5 | F17: %

Sheet Feature 1
A2: Feature | B2: Authentication IT | R2: Passed
A3: Test requirement | B3: Real HTTP, hash and JWT; fake SQL/email. | R3: Failed
A4: Number of TCs | B4: =COUNTA(A12:A14) -> 3 | R4: Pending
A5: Testing Round | B5: Passed | C5: Failed | D5: Pending | E5: N/A | R5: N/A
A6: Round 1 | B6: =COUNTIF($F$12:$F$998,B$5) -> 3 | C6: =COUNTIF($F$12:$F$998,C$5) -> 0 | D6: =COUNTIF($F$12:$F$998,D$5) -> 0 | E6: =COUNTIF($F$12:$F$998,E$5) -> 0
A7: Round 2 | B7: =COUNTIF($I$12:$I$998,B$5) -> 0 | C7: =COUNTIF($I$12:$I$998,C$5) -> 0 | D7: =COUNTIF($I$12:$I$998,D$5) -> 0 | E7: =COUNTIF($I$12:$I$998,E$5) -> 0
A8: Round 3 | B8: =COUNTIF($L$12:$L$998,B$5) -> 0 | C8: =COUNTIF($L$12:$L$998,C$5) -> 0 | D8: =COUNTIF($L$12:$L$998,D$5) -> 0 | E8: =COUNTIF($L$12:$L$998,E$5) -> 0
A10: Test Case ID | B10: Test Case Description | C10: Test Case Procedure | D10: Expected Results | E10: Pre-conditions | F10: Round 1 | G10: Test date | H10: Tester | I10: Round 2 | J10: Test date | K10: Tester | L10: Round 3 | M10: Test date | N10: Tester | O10: Note
A11: Component integration
A12: I01 | B12: Register account and deliver stored OTP | C12: 1. Reset fake DB and email mock. 2. POST /register with Integration User, integration@example.com, Aa12345!, EMPLOYER. | D12: 201; bcrypt verifies stored hash; returned OTP = stored OTP; email mock receives email, OTP and name. | E12: Express test app; real bcrypt/JWT; empty stateful fake DB. | F12: Passed | G12: 2026-10-12T00:00:00.000Z | H12: Jest | O12: 4 assertions; isolated HTTP test app, not production router.
A13: I02 | B13: Recover forgotten password with real hash | C13: 1. Register an isolated EMPLOYER account. 2. POST /forgot-password with its email. 3. POST /reset-password using returned resetToken and newPassword Bb12345!. | D13: 200; new password matches real bcrypt hash; old password no longer matches; reset token marked used. | E13: Fresh fake SQL state and email mock; real bcrypt; valid unused reset token from this case. | F13: Passed | G13: 2026-10-12T00:00:00.000Z | H13: Jest | O13: 4 assertions; forgot-password is workflow setup, not a fourth selected unit function.
A14: I03 | B14: Recovered account login and token replay rejection | C14: 1. Register and verify account as setup. 2. Request reset token and reset to Bb12345!. 3. Login with new password. 4. Replay the same reset request. | D14: Login 200; real JWT has userId 1 and EMPLOYER role; JWT persisted; reset replay 400. | E14: Real bcrypt/JWT; stateful fake SQL; isolated verified account; own reset token. | F14: Passed | G14: 2026-10-12T00:00:00.000Z | H14: Jest | O14: 4 assertions; SQL predicate simulation is not proof of real SQL isolation/concurrency.

Sheet Feature 2
A2: Feature | B2: Authentication ST / AT | R2: Passed
A3: Test requirement | B3: Real staging / representative required; not executed. | R3: Failed
A4: Number of TCs | B4: =COUNTA(A12:A14)+COUNTA(A16:A17) -> 5 | R4: Pending
A5: Testing Round | B5: Passed | C5: Failed | D5: Pending | E5: N/A | R5: N/A
A6: Round 1 | B6: =COUNTIF($F$12:$F$998,B$5) -> 0 | C6: =COUNTIF($F$12:$F$998,C$5) -> 0 | D6: =COUNTIF($F$12:$F$998,D$5) -> 5 | E6: =COUNTIF($F$12:$F$998,E$5) -> 0
A7: Round 2 | B7: =COUNTIF($I$12:$I$998,B$5) -> 0 | C7: =COUNTIF($I$12:$I$998,C$5) -> 0 | D7: =COUNTIF($I$12:$I$998,D$5) -> 0 | E7: =COUNTIF($I$12:$I$998,E$5) -> 0
A8: Round 3 | B8: =COUNTIF($L$12:$L$998,B$5) -> 0 | C8: =COUNTIF($L$12:$L$998,C$5) -> 0 | D8: =COUNTIF($L$12:$L$998,D$5) -> 0 | E8: =COUNTIF($L$12:$L$998,E$5) -> 0
A10: Test Case ID | B10: Test Case Description | C10: Test Case Procedure | D10: Expected Results | E10: Pre-conditions | F10: Round 1 | G10: Test date | H10: Tester | I10: Round 2 | J10: Test date | K10: Tester | L10: Round 3 | M10: Test date | N10: Tester | O10: Note
A11: System tests (planned)
A12: ST-01 | B12: Reject weak registration password | C12: 1. Open staging registration. 2. Use a new controlled email and role FREELANCER. 3. Submit Aa1234! then Aa12345!. | D12: 7 chars: API 400 and clear validation message, no account created. 8 valid chars: API 201, hashed password and verification record stored. | E12: Staging UI/API and SQL Server configured; controlled mailbox; unique email per attempt. | F12: Pending | O12: Functional + BVA; verify actual route /api/auth/register.
A13: ST-02 | B13: Reset password and reject used token | C13: 1. Request recovery via /api/auth/forgot-password. 2. Read code from controlled mailbox. 3. POST /api/auth/reset-password with Bb12345!. 4. Inspect SQL writes and replay code. | D13: Initial reset 200; new bcrypt hash saved, token is_used=1; old password fails login, new password succeeds; replay 400. | E13: Real staging SQL/email; existing verified account; unused reset token; save fixture for cleanup. | F13: Pending | O13: State transitions and real SQL/SMTP; inspect partial-write risk if marking token fails.
A14: ST-03 | B14: Reject locked account login | C14: 1. Prepare verified staging account with known bcrypt password. 2. Set status=LOCKED. 3. POST /api/auth/login with correct credentials. | D14: 403 locked/suspended message; no JWT returned and existing refresh token unchanged. | E14: Staging SQL; authorized fixture preparation; ACTIVE baseline preserved for cleanup. | F14: Pending | O14: Access-control behavior only; not a full penetration/security assessment.
A15: Acceptance tests (planned)
A16: AT-01 | B16: Freelancer password recovery and login journey | C16: 1. Representative user registers FREELANCER via UI. 2. Gets mailbox OTP and verifies. 3. Logs in and reaches permitted user area. 4. Request forgotten-password code, reset to Bb12345! and login with the new password. | D16: User can complete journey; role=FREELANCER; profile exists; errors understandable; no password shown. Business representative records acceptance. New password works; old password is rejected; used reset code cannot be replayed. | E16: Staging UI/API/SQL/email ready; agreed criteria and representative reviewer; unique test email. | F16: Pending | O16: Functional acceptance; representative not nominated; no sign-off claimed.
A17: AT-02 | B17: Employer password recovery and login journey | C17: 1. Representative registers EMPLOYER in UI. 2. Verifies email then logs in. 3. Checks account role and visible destination. 4. Request forgotten-password code, reset to Bb12345! and login with the new password. | D17: Journey succeeds; role=EMPLOYER; no freelancer profile created; permitted destination usable. Reviewer records accept/reject and reason. New password works; old password is rejected; used reset code cannot be replayed. | E17: Same staging setup; unique employer test email; agreed role behavior. | F17: Pending | O17: Acceptance and focused usability review; no quantitative usability claim.
